4010AHCHOU;AH CHOU                       ;AHCHOU      ;AH CHOU                                           ;                                                  ;                                                  ;          ;                                             ;RE  ;0262 25 98 88       ;                    ;                              
4010AHSO  ;MAISON AH SOUNE               ;AH SOUNE    ;MAISON AH SOUNE SARL                              ;37 rue Vallon Hoarau                              ;                                                  ;97430     ;TAMPON                                       ;RE  ;02 62 27 06 38      ;02 62 57 67 77      ;commercial@maisonahsoune.com  
4010ALCAS ;ALCAS                         ;ALCAS       ;ALCAS                                             ;VIA LIVORNO, 21/23                                ;                                                  ;50142     ;FIRENZE                                      ;IT  ;+39 055 732591      ;+39 0571 1832714    ;                              
4010ARMAS ;ARMAS                         ;ARMAS       ;ARMEMENT DES MASCAREIGNES                         ;2, Rue Djibouti                                   ;ZI n°1  CS 91 009                                 ;97829     ;LE PORT Cedex                                ;RE  ;02 62 42 67 70      ;0262 42 07 52       ;armement.des.mascareignes@arma
4010ASIA  ;ASIA STORE                    ;ASIA STORE  ;ASIA STORE                                        ;                                                  ;                                                  ;          ;                                             ;RE  ;02 62 96 83 97      ;                    ;hplu@asia-reunion.com         
4010ATOBA ;ATOBA                         ;ATOBA       ;ATOBA                                             ;3, Nahaboo Solim                                  ;                                                  ;          ;PORT LOUIS                                   ;MU  ;                    ;                    ;                              
4010AVIFER;AVIFERME                      ;AVIFERME    ;AVIFERME                                          ;116 RUE JEAN DEFOS DU RAU                         ;                                                  ;97418     ;TAMPON                                       ;    ;02 62 27 52 84      ;                    ;                              
4010BAG   ;BAG AND PACK                  ;BAG AND PACK;BAG AND PACK                                      ;69 rue de la Belle Etoile                         ;                                                  ;63044     ;ROISSY CS                                    ;FR  ;                    ;                    ;                              
4010BANA  ;SARL BANANES                  ;SARL BANANES;SARL BANANES                                      ;4 ALLEE DE L'AREP                                 ;                                                  ;97410     ;SAINT-PIERRE                                 ;RE  ;02 62 35 44 50      ;                    ;adv.tropi@gmail.com           
4010BELG  ;BELGIUM FOOD PRODUCT          ;BELGIUM     ;BELGIUM FOOD PRODUCT SARL                         ;30 avenue du Piton Tréport                        ;                                                  ;97460     ;SAINT-PAUL                                   ;RE  ;06 93 03 79 64      ;                    ;commandes.bfp@gmail.com       
4010BIO   ;BIO EMBALLAGE                 ;BIO EMBALLAG;BIO EMBALLAGE BOURBON SAS                         ;78B BOULEVARD DELISLE                             ;                                                  ;97410     ;SAINT PIERRE                                 ;RE  ;0262 25.98.87       ;                    ;beb.reunion@gmail.com         
4010BIOIMP;BIO IMPORT REUNION            ;BIO IMPORT  ;BIO IMPORT REUNION                                ;4 Rue Franck Camille Cadet                        ;ZIE Les Sables                                    ;97427     ;ETANG-SALE                                   ;RE  ;0262 45 84 68       ;                    ;info@bio-import.bio           
4010BONBON;BONBON TRADITION              ;BONBON TRADI;BONBON TRADITION                                  ;                                                  ;                                                  ;          ;                                             ;RE  ;06 92 28 62 25      ;                    ;bonbon.tradition@laposte.net  
4010BOU   ;BOURBON PLASTIQUES EMBALLAGE  ;BOURBON PLAS;BOURBON PLASTIQUES EMBALLAGE                      ;BP 6 - Rivière du Mât le Hauts                    ;                                                  ;97412     ;BRAS PANON                                   ;RE  ;02 62 58 86 86      ;02 62 56 82 58      ;bpe@bpemballage.com           
4010BOUL  ;BOULANGERIE YONG              ;BOUL YONG   ;BOULANGERIE YONG                                  ;rue de la boulangerie                             ;ZI Les Sables BP 907                              ;97427     ;ETANG SALE LES HAUTS                         ;RE  ;02 62 26 59 69      ;02 62 26 55 10      ;                              
4010BOUR  ;BOURBON EMBALLAGE             ;BOURBON EMB ;BOURBON EMBALLAGE                                 ;                                                  ;                                                  ;          ;                                             ;RE  ;                    ;                    ;                              
4010BOUR1 ;BOURBON FRAICHEUR             ;BOURBON FRAI;BOURBON FRAICHEUR                                 ;2E RUE DE LA MARINE                               ;                                                  ;97480     ;VINCENDO                                     ;RE  ;06 92 56 79 80      ;                    ;                              
4010BRASS ;BRASSERIES DE BOURBON         ;BRASSERIE BO;BRASSERIES DE BOURBON                             ;15 Rue Malartic                                   ;                                                  ;97400     ;SAINT-DENIS                                  ;RE  ;                    ;                    ;                              
4010BRIOCH;BRIOCHE DOREE                 ;BRIOCHE DORE;BRIOCHE DOREE                                     ;4 rue Antanifotsy                                 ;ZAC Ravine à Marquet CS 51239                     ;97829     ;POSSESSION Cedex                             ;RE  ;02 62 43 72 00      ;                    ;depot.sdrr@gbh.fr             
4010C2PACK;C2PACK                        ;C2PACK      ;C2PACK                                            ;7 rue du 19 mars 1962                             ;ZI de Dijon                                       ;21600     ;LONGVIC                                      ;FR  ;                    ;                    ;                              
4010CART  ;CARTONNERIE DE LA REUNION     ;CARTONNERIE ;CARTONNERIE DE LA REUNION                         ;ZI N°2                                            ;                                                  ;97410     ;SAINT-PIERRE                                 ;RE  ;02 62 35 74 58      ;02 62 35 74 59      ;info@la-cr.com                
4010CASTAD;CASCADELLE DISTRIBUTION       ;CASCADELLE  ;CASCADELLE DISTRIBUTION                           ;Pont Fer                                          ;                                                  ;          ;PHOENIX                                      ;MU  ;                    ;                    ;                              
4010CAUDAL;CAUDALIES CAVISTE AFFINATAIRE ;CAUDALIES   ;CAUDALIES CAVISTE AFFINATAIRE                     ;6 AVENUE DU PITON BATARD                          ;ZI DE CAMBAIE                                     ;97460     ;SAINT-PAUL                                   ;RE  ;02 62 45 32 44      ;02 62 45 32 40      ;                              
4010CHANE ;CHANE-HIVE                    ;CHANE HIVE  ;BOUTIQUE CHAN-HIVE S.A                            ;17 rue Suffren - BP 353                           ;                                                  ;97452     ;SAINT-PIERRE Cedex                           ;RE  ;0262 25 02 42       ;0262 25 48 85       ;boutique@chane-hive.com       
4010CHAR  ;CHARCUTERIE SOUBADOU FILS     ;CHARCUT SOUB;CHARCUTERIE SOUBADOU FILS                         ;                                                  ;                                                  ;          ;                                             ;RE  ;0262 93 12 90       ;                    ;boucheriecharcuterie.soubadou@
4010CHARCU;CHARCUTERIE JANIO             ;CHARCUTERIE ;CHARCUTERIE JANIO                                 ;                                                  ;                                                  ;          ;                                             ;RE  ;06 92 60 35 07      ;                    ;                              
4010CHR   ;POINT CHR                     ;POINT CHR   ;POINT CHR                                         ;56 Quai Ouest                                     ;BP 264                                            ;97465     ;SAINT-DENIS Cedex                            ;RE  ;02 62 21 46 69      ;                    ;                              
4010CILAOS;CILAOS                        ;CILAOS      ;CILAOS SARL                                       ;12 rue Valmy - ZI Bel Air                         ;                                                  ;97450     ;SAINT-LOUIS                                  ;RE  ;0262 26 78 19       ;0262 26 88 78       ;cilaos.adv@orange.fr          
4010CLEMSY;CLEMSYS                       ;CLEMSYS     ;CLEMSYS                                           ;7 parc des frontenelles                           ;                                                  ;78870     ;BAILLY                                       ;FR  ;01 39 43 00 00      ;                    ;                              
4010COGE  ;COGEMO                        ;COGEMO      ;COGEMO SAS                                        ;Z.I. DU CHAUDRON                                  ;18 RUE PIERRE AUBERT                              ;97490     ;SAINTE-CLOTHILDE                             ;RE  ;                    ;                    ;                              
4010COGEDA;COGEDAL                       ;COGEDAL     ;COGEDAL                                           ;BP 188                                            ;                                                  ;97455     ;SAINT-PIERRE                                 ;RE  ;                    ;                    ;                              
4010COPA  ;COPAL                         ;COPAL       ;COPAL REUNION SAS                                 ;12 rue de la Boulangerie                          ;ZA Les Dunes                                      ;97427     ;ETANG-SALE                                   ;RE  ;02 62 25 72 00      ;02 62 35 30 18      ;                              
4010CORRE ;CORRE ELYSEE                  ;CORRE ELYSEE;CORRE ELYSEE                                      ;25 chemin Corré                                   ;PK 19                                             ;97418     ;PLAINE DES CAFRES                            ;RE  ;06 93 97 10 61      ;                    ;                              
4010COT   ;COT                           ;COT         ;CHAN-OU-TEUNG SARL                                ;12 rue Valmy                                      ;ZI Bel Air                                        ;97450     ;SAINT-LOUIS                                  ;RE  ;02 62 26 16 60      ;02 62 26 88 78      ;cot.adv@orange.fr             
4010COUL  ;COULEURS PRO DISTRIB          ;COULEURS PRO;COULEURS PRO DISTRIB / COULEURS DE FETES          ;123 rue du Général de Gaulle                      ;19 Res Les Terrasses de St Gilles                 ;97434     ;SAINT GILLES LES BAINS                       ;RE  ;                    ;                    ;                              
4010COVIA ;COVIA                         ;COVIA       ;SARL COVIA                                        ;LE PRE ROUTE DE CHABANAIS                         ;                                                  ;87600     ;ROCHECOURT                                   ;FR  ;05 55 03 04 60      ;05 55 03 04 48      ;sandra.ventes@covia.fr        
4010DAR   ;DAR                           ;DAR         ;DAR SRL                                           ;VIA ON FRANCESCO NAPOLITANO N185                  ;PARCO CARDUCCI                                    ;80035     ;NOLA                                         ;IT  ;+39 081 510 23 08   ;+39 081 510 21 03   ;cofrus@cofrus.com             
4010DGF   ;DGF                           ;DGF         ;DGF REUNION                                       ;3 rue Camille Desmoulins                          ;ZI N°1                                            ;97420     ;LE PORT                                      ;RE  ;02 62 42 03 26      ;02 62 43 06 98      ;                              
4010DISBEP;DISBEP SOCIETE DE DISTRIBUTION;DISBEP      ;SARL SOCIETE DE DISTRIBUTION                      ;4-6 SIMONE MORIN ZI LES TAMARINS                  ;                                                  ;97420     ;LE PORT                                      ;RE  ;02 62 42 78 90      ;                    ;                              
4010DPA   ;DPA                           ;DPA         ;DPA                                               ;8 CHEMIN BASSIN CHEVRETTES                        ;                                                  ;97410     ;SAINT-PIERRE                                 ;RE  ;02 62 37 06 44      ;02 62 89 06 44      ;                              
4010DPAEMB;DPA EMBALLAGES                ;DPA EMBALLAG;DPA EMBALLAGES SARL                               ;140 chemin de la balance                          ;                                                  ;97410     ;SAINT-PIERRE                                 ;RE  ;02 62 96 39 42      ;02 62 43 62 65      ;eva.riviere@groupelm.fr       
4010DUCH  ;DUCHEMANN                     ;DUCHEMANN   ;ELEVEUR DUCHEMANN & GRONDIN                       ;4, Rue Jean Pierre Vassor                         ;Z.I des Sables                                    ;97477     ;ETANG-SALE                                   ;RE  ;0262 26 59 09       ;                    ;                              
4010ECLAT ;ECLAT DE FRANCE               ;ECLAT DE FRA;ECLAT DE FRANCE                                   ;135 Rue Joncs des Bois                            ;                                                  ;84000     ;AVIGNON                                      ;FR  ;04 90 95 59 59      ;                    ;contact@eclatdefrance.com     
4010ECOTEL;ECOTEL                        ;ECOTEL      ;LA BOURBONNAISE HOTELIERE / ECOTEL                ;Immeuble Le Phoenix                               ;31 rue Etienne Azema                              ;97434     ;SAINT GILLES LES BAINS                       ;RE  ;02 62 24 18 00      ;02 62 24 17 46      ;                              
4010EKOP  ;EKOPLAST                      ;EKOPLAST    ;EKOPLAST                                          ;1 chemin  Lamartine                               ;                                                  ;97432     ;RAVINE DES CABRIS                            ;RE  ;02 60 71 92 70      ;02 62 71 92 71      ;                              
4010ELIP  ;ELIPRO                        ;ELIPRO      ;ELIPRO                                            ;5 AVENUE PITON BATARD                             ;ZI CAMBAIE                                        ;97460     ;SAINT PAUL                                   ;RE  ;0692.34.72.60       ;                    ;elipro@b-clean.fr             
4010ETIQ  ;ETIQ OCEAN                    ;ETIQ OCEAN  ;ETIQ OCEAN                                        ;15 rue Claude Chappe - Zac 2000                   ;                                                  ;97420     ;LE PORT                                      ;RE  ;02 62 21 03 33      ;02 62 97 29 17      ;commercial@etiq-ocean.com     
4010EUREKA;EUREKAS                       ;EUREKAS     ;EUREKAS                                           ;37 AVENUE CHARLES ISAUTIER                        ;ZI N°3                                            ;97410     ;SAINT PIERRE                                 ;RE  ;02 62 35 16 55      ;02 62 35 28 03      ;contact@sst.re                
4010EURO  ;EUROCASH                      ;EUROCASH    ;EUROCASH SARL                                     ;64 rue Suffren                                    ;                                                  ;97410     ;SAINT-PIERRE                                 ;RE  ;06 92 27 43 22      ;                    ;jeromelwh@gmail.com           
4010FERMES;FERMES ET JARDINS             ;FERMESJARDIN;FERMES ET JARDINS                                 ;42 AV DE LA RESISTANCE                            ;ZI BEL AIR                                        ;97425     ;SAINT-LOUIS                                  ;RE  ;02 62 26 21 20      ;                    ;adjoint29.sdpma@sicalait.fr   
4010FMR   ;PACK FMR                      ;PACK FMR    ;PACK FMR                                          ;                                                  ;                                                  ;          ;                                             ;RE  ;                    ;                    ;                              
4010FORICH;FORICHER MOULIN DES GAULTS    ;FORICHER    ;FORICHER SARL MOULIN DES GAULTS                   ;                                                  ;                                                  ;45500     ;POILLY LEZ GIEN                              ;FR  ;02 38 67 02 63      ;02 38 38 22 72      ;                              
4010FR    ;FR NEGOCES                    ;FR NEGOCES  ;SASU FR NEGOCES                                   ;07 Chemin de l'océan                              ;                                                  ;97450     ;SAINT-LOUIS                                  ;RE  ;                    ;                    ;                              
4010FRAIS ;FRAIS IMPORT                  ;FRAIS IMPORT;FRAIS IMPORT                                      ;39 rue des fabriques ZI n°4                       ;                                                  ;97410     ;SAINT PIERRE                                 ;RE  ;                    ;                    ;                              
4010FUSE  ;FUSEAU                        ;FUSEAU      ;FUSEAU SAS                                        ;ZAC de l'Hoirie - Rue Charles Lacratelle          ;                                                  ;49070     ;BEAUCOUZE                                    ;FR  ;02 41 35 10 90      ;02 41 35 10 91      ;                              
4010GILAC ;GILAC                         ;GILAC       ;GILAC SAS                                         ;751 rue de la Mode                                ;                                                  ;01580     ;IZERNORE                                     ;FR  ;04 37 50 28 51      ;04 74 73 22 55      ;gilac@gilac.com               
4010GIUL  ;GIULIANO TARTUFI              ;TARTUFI     ;GIULIANO TARTUFI Srl                              ;Zona industriale Sud                              ;                                                  ;06026     ;PIETRALUNGA (PG)                             ;IT  ;                    ;                    ;                              
4010INDU  ;INDUTEX                       ;INDUTEX     ;INDUTEX                                           ;71 rue du Froidevaux                              ;                                                  ;75014     ;PARIS                                        ;FR  ;                    ;                    ;                              
4010INDUST;INDUSTRADE                    ;INDUSTRADE  ;INDUSTRADE                                        ;17 rue Alfred Kastler - 67300 Schiltigheim        ;CS 50007                                          ;67012     ;STRASBOURG Cedex                             ;FR  ;03 90 20 07 07      ;03 88 83 67 55      ;gkocak@industrade.fr          
4010ISAU  ;ISAUTIER                      ;ISAUTIER    ;ISAUTIER                                          ;114 chemin Fredeline - BP 57                      ;                                                  ;97452     ;SAINT-PIERRE Cedex                           ;RE  ;02 62 96 11 96      ;02 62 35 14 40      ;accueil.rpi@groupe-isautier.co
4010ISOFLO;ISOFLON                       ;ISOFLON     ;ISOFLON                                           ;19 Z.A. Grange Neuve                              ;                                                  ;38790     ;DIEMOZ                                       ;FR  ;04 78 96 22 37      ;04 78 96 26 37      ;isoflon@isoflon.com           
4010JARDIN;JARDIN FLEURI                 ;JARDIN FLEUR;LE JARDIN FLEURI SARL                             ;53 rue du Père Maître                             ;                                                  ;97432     ;RAVINE DES CABRIS                            ;RE  ;06 92 00 65 53      ;                    ;                              
4010KERR  ;KERRY                         ;KERRY       ;KERRY                                             ;                                                  ;                                                  ;          ;                                             ;RE  ;0692043314          ;                    ;eric.chevalier@kerry.com      
4010LAWYAT;PULPE DES MASCAREIGNES        ;LAW YAT     ;SAS PULPE DES MASCAREIGNES INDUSTRIE              ;198 CHEMIN DES LANTANAS                           ;                                                  ;97434     ;SAINT GILLES LES BAINS                       ;RE  ;06 92 86 86 05      ;                    ;                              
4010LEBHAR;LEBHAR                        ;LEBHAR      ;LEBHAR                                            ;                                                  ;                                                  ;          ;                                             ;FR  ;03 86 95 70 96      ;                    ;                              
4010LM    ;LM                            ;GROUPE LM   ;GROUPE LM                                         ;140 chemin de la Balance                          ;                                                  ;97410     ;SAINT PIERRE                                 ;    ;0262 25 20 08       ;02 62 25 09 59      ;                              
4010LOGIST;LOGISTISUD                    ;LOGISTISUD  ;LOGISTISUD                                        ;20, Route de l'aérodrome                          ;                                                  ;97410     ;PIERREFOND SAINT PIERRE                      ;    ;0262.25.88.88       ;                    ;                              
4010LSM   ;LSM LINEAIRE                  ;LSM LINEAIRE;LSM LINEAIRE                                      ;35 rue Exelmans                                   ;                                                  ;78 000    ;VERSAILLES                                   ;FR  ;                    ;                    ;                              
4010MADAR ;MADARUN EXPORT                ;MADARUN     ;CAVES LES VENDANGES                               ;                                                  ;                                                  ;          ;                                             ;RE  ;0692760720          ;                    ;matmerlo974@gmail.com         
4010MAGHO ;MAGHO COMPAGNIE               ;MAGHO       ;MAGHO COMPAGNIE SARL / 97PACK                     ;18 ÎLOT 3 PAE LA MARE                             ;                                                  ;97438     ;SAINTE-MARIE                                 ;RE  ;0262 311 888        ;0262 293 601        ;                              
4010MAISON;MAISON DU CURCUMA             ;MAISON      ;MAISON DU CURCUMA                                 ;                                                  ;                                                  ;          ;                                             ;RE  ;                    ;                    ;                              
4010MANL  ;MANLEY                        ;MANLEY      ;MANLEY ASIAN FOODS CC t/a DINH HO                 ;VRP Industrial Park                               ;Track Crescent                                    ;          ;MONTAGUE GARDENS                             ;ZA  ;06 05 54 23 09      ;02 15 55 24 27      ;info@dingho.co.za             
4010MARAIC;MARAICHERS DE LA REUNION      ;MARAICHER DE;SAS MARAICHERS                                    ;ATELIER 48 ILOT 7 - PAE LA MARE                   ;Rue de le Pépinière                               ;97438     ;SAINTE-MARIE                                 ;RE  ;                    ;02 63 05 28 17      ;                              
4010MARIA ;MARIA GUILLENO                ;MARIA GUIL  ;MARIA GUILLENO                                    ;                                                  ;                                                  ;          ;                                             ;RE  ;                    ;                    ;                              
4010MARTIN;LE MARTIN PECHEUR             ;MARTIN PECHE;LE MARTIN PECHEUR                                 ;                                                  ;                                                  ;97460     ;SAINT-PAUL                                   ;RE  ;                    ;02 62 42 28 81      ;                              
4010MAST  ;MASTER FOOD                   ;MASTER FOOD ;MASTER FOOD DISTRIBUTION                          ;25 chemin Maxime Rivière                          ;ZA La Cafrine                                     ;97410     ;SAINT-PIERRE                                 ;RE  ;02 62 31 55 38      ;02 62 31 61 76      ;                              
4010MATFER;MATFER BOURGEAT               ;MATFER      ;MATFER BOURGEAT                                   ;9-11,rue du Tapis-Vert                            ;B.P.75                                            ;93260     ;LES LILAS                                    ;FR  ;01 43 62 60 40      ;01 43 62 50 82      ;                              
4010MILHE ;MILHE & AVONS                 ;MILHE & AVON;MILHE & AVONS                                     ;160 ch N.D. de la consolation                     ;BP 163                                            ;13384     ;MARSEILLE Cedex 13                           ;FR  ;04 91 10 66 66      ;04 91 10 66 99      ;infos@milheetavons.fr         
4010MINA  ;MAISON MINATCHY               ;MINATCHY    ;MAISON MINATCHY                                   ;93 rue Roger Payet                                ;Rivière des Pluies                                ;97438     ;SAINTE-MARIE                                 ;RE  ;02 62 53 84 01      ;02 62 53 56 97      ;boucherie.minatchy@gmail.com  
4010MOUL  ;MOULINS SOUFFLET              ;MOULIN SOUFF;MOULINS SOUFFLET                                  ;13 Rue Sully Prud’homme                           ;BAT AH-HOT2                                       ;97420     ;LE PORT                                      ;RE  ;0692 48 61 67       ;                    ;vfontaine@soufflet.com        
4010NEROLI;NEROLIANE                     ;NEROLIANE   ;NEROLIANE                                         ;810, chemin St Georges                            ;                                                  ;06550     ;LA ROQUETTE SUR SIAGNE                       ;FR  ;                    ;                    ;contact@neroliane.com         
4010NJE   ;NJE FRAICHEUR                 ;NJE FRAICHEU;NJE FRAICHEUR                                     ;25 CHEMIN ANATOLE MARKA                           ;                                                  ;97424     ;PITON SAINT LEU                              ;RE  ;06 93 03 52 42      ;                    ;                              
4010NOUIL ;NOUILLES SECHES APOLLO WOK    ;APOLLO WOK  ;NOUILLES SECHES APOLLO WOK                        ;                                                  ;                                                  ;          ;                                             ;MU  ;                    ;                    ;                              
4010NOVACH;NOVACHOC                      ;NOVACHOC    ;NOVACHOC                                          ;10 RUE DE L'EUROPE                                ;                                                  ;67230     ;BENFELD                                      ;FR  ;03 88 74 09 28      ;03 88 74 47 98      ;novachoc@wanadoo.fr           
4010NUANCE;NUANCES GOURMANDES            ;NUANCES GOUR;NUANCES GOURMANDES SARL                           ;10 rue du vent                                    ;ZA de Croix Fort                                  ;17220     ;SAINT MEDARD D'AUNIS                         ;FR  ;05 46 69 37 15      ;                    ;contact@nuancesgourmandes.com 
4010OVOC  ;OVOCOOP                       ;OVOCOOP     ;OVOCOOP                                           ;27 rue Claude Chappe                              ;ZA 2000 - CS 81242                                ;97829     ;LE PORT Cedex                                ;RE  ;02 62 43 39 80      ;                    ;televente@ovocoop.fr          
4010PAFSIO;PAFSIO                        ;PAFSIO      ;SOCIETE PAFSIO                                    ;ENCEINTE ZES BETAINOMBY                           ;P/ELLE 21/71 CIII TANAMBAO VERRERIE               ;          ;TOAMASINA                                    ;    ;+261 34 81 204 48   ;                    ;michelpapy@live.fr            
4010PATOUM;PATOUMA                       ;PATOUMA     ;PATOUMA                                           ;                                                  ;                                                  ;          ;                                             ;RE  ;0692773692          ;                    ;                              
4010PECHE ;LA PECHERIE - GLOBAL SEAFOOD  ;LA PECHERIE ;LA PÊCHERIE - GLOBAL SEAFOOD                      ;Local 1-2, Port de Pêche et de Plaisance          ;                                                  ;97434     ;SAINT GILLES LES BAINS                       ;RE  ;0262432480          ;                    ;romain@lapecherie.re          
4010PHOEN ;PHOENIX - EDENA BOISSONS      ;PHOENIX     ;PHOENIX - EDENA BOISSONS                          ;                                                  ;                                                  ;          ;                                             ;RE  ;                    ;                    ;                              
4010PLATEX;PLATEX                        ;PLATEX      ;MULTIGIFT-PLATEX                                  ;1 Boulevard Charles de Gaulle                     ;Hall A                                            ;92707     ;COLOMBES Cedex                               ;FR  ;                    ;                    ;                              
4010PLV   ;PLV                           ;PLV         ;PLV REUNION                                       ;33 rue des vavangues                              ;ZAC Finette                                       ;97490     ;SAINTE-CLOTHILDE                             ;RE  ;02 62 29 81 82      ;                    ;commande.plv@gmail.com        
4010POIS  ;POISSONNERIE DES ILES         ;POISSON ILE ;POISSONNERIE DES ILES SARL                        ;17 rue Ticoune                                    ;                                                  ;97400     ;SAINT-DENIS                                  ;RE  ;06 92 42 35 34      ;02 62 21 00 25      ;                              
4010POLI  ;POLITEC                       ;POLITEC     ;POLITEC                                           ;2 rue de la Verdure                               ;                                                  ;67640     ;FEGERSHEIM                                   ;FR  ;03 88 64 37 13      ;03 88 64 07 37      ;info@politec.fr               
4010PPC   ;PPC DISTRIBUTION              ;PPC DISTRIB ;PPC DISTRIBUTION                                  ;                                                  ;                                                  ;          ;                                             ;RE  ;0262 30 17 38       ;                    ;                              
4010PREST ;PRESTACOM                     ;PRESTACOM   ;PREST@COM SARL                                    ;                                                  ;                                                  ;          ;                                             ;RE  ;                    ;                    ;                              
4010PRO   ;PRO A PRO                     ;PRO A PRO   ;PRO A PRO                                         ;72 rue Mahatma GANDHI                             ;                                                  ;97419     ;LA POSSESSION                                ;RE  ;02 62 53 20 00      ;02 62 53 26 18      ;                              
4010PROM  ;PROMAT LAVAZZA                ;LAVAZZA     ;PROMAT DISTRIBUTEUR OFFICIEL LAVAZZA              ;6 Avenue du Piton Tréport - Cambaie               ;                                                  ;97460     ;SAINT-PAUL                                   ;RE  ;02 62 71 82 76      ;02 62 71 82 77      ;contact@cafelareunion.com     
4010PROMON;PROMONET                      ;PROMONET    ;PROMONET                                          ;142 RUE STEPHANE REBECCA                          ;BP 345                                            ;97452     ;SAINT-PIERRE Cedex                           ;    ;02 62 96 13 96      ;02 62 96 13 99      ;                              
4010RAMON ;RAMON TALLERES                ;RAMON       ;TALLERES RAMON SL                                 ;CL Rafael Riera Prats N°49                        ;                                                  ;08339     ;VILASSAR DE DALT - BARCELONA                 ;ES  ;937531311           ;937533506           ;info@akbyramon.com            
4010RBOI  ;REUNION BOISSONS              ;CHARRETTE   ;REUNION BOISSONS                                  ;12 rue Boris Vian ZI N°2 CS 51230                 ;                                                  ;97829     ;LE PORT Cedex                                ;RE  ;02 62 21 75 95      ;02 62 21 49 51      ;commande@reunionboissons.com  
4010REMBAL;REMBAL OI                     ;REMBAL OI   ;REMBAL OI                                         ;                                                  ;                                                  ;          ;                                             ;RE  ;0692099335          ;                    ;                              
4010RIVERP;RIVER PACK                    ;RIVER PACK  ;RIVER PACK                                        ;1 rue de la Garenne                               ;Z.I. du Vert Galant                               ;95310     ;SAINT-OUEN L'AUMONE                          ;FR  ;01 34 40 30 10      ;01 34 40 30 11      ;                              
4010ROBIC ;ROBIC                         ;ROBIC       ;ROBIC SAS                                         ;4 rue Franck Camille Cadet / Atelier 16           ;ZIE Les Sables                                    ;97427     ;ETANG-SALE                                   ;RE  ;06 92 17 31 35      ;                    ;joelrobic974@gmail.com        
4010ROLAN ;PAINS SAINT ROLAN             ;SAINT ROLAN ;PAINS SAINT ROLAN                                 ;13 rue Claude Chappe - ZAC 2000                   ;                                                  ;97420     ;LE PORT                                      ;RE  ;02 62 43 43 53      ;02 62 55 02 55      ;saintrolan@yahoo.fr           
4010ROYAL ;ROYAL BOURBON                 ;ROYAL BOURBO;ROYAL BOURBON                                     ;1 rue Armand CAMPENON                             ;                                                  ;97412     ;BRAS PANON                                   ;RE  ;02 62 51 60 60      ;02 62 51 60 51      ;                              
4010RPELA ;REUNION PELAGIQUE             ;REUNIMER    ;REUNION PELAGIQUE                                 ;9 RUE D'ARMAGNAC                                  ;                                                  ;97420     ;LE PORT                                      ;RE  ;                    ;                    ;                              
4010RUINCA;RU IN CAR                     ;RUINCAR     ;RU IN CAR S.r.l                                   ;Via Republica, 122 P.O. BOX 33 I                  ;                                                  ;25068     ;SAREZZO (BS)                                 ;IT  ;+390308900641       ;+390308900380       ;ruincar@ruincar.it            
4010RUNEMB;RUN EMBALLAGE                 ;RUN EMBALLAG;RUN EMBALLAGE                                     ;40 rue frère Denis                                ;Terre Sainte                                      ;97410     ;SAINT PIERRE                                 ;RE  ;06 93 80 21 90      ;                    ;runemballage@gmail.com        
4010SAPM  ;SAPMER                        ;SAPMER      ;LES COMPTOIRS SAPMER                              ;4 rue Charles Dickens                             ;Darse de Pêche - Magasin 10 - CS 21245            ;97829     ;LE PORT Cedex                                ;RE  ;02 62 33 12 27      ;                    ;comptoir@sapmer.com           
4010SAVEUR;LES SAVEURS DE L'OCEAN        ;LES SAVEURS ;LES SAVEURS DE L'OCEAN INDIEN                     ;                                                  ;                                                  ;          ;                                             ;RE  ;                    ;                    ;                              
4010SEVARO;SEVAROME                      ;SEVAROME    ;SEVAROME NACTIS FLAVOURS                          ;ZA LA GUIDE 1                                     ;350 IMPASSE DES TECHNICITES                       ;43200     ;YSSINGEAUX                                   ;FR  ;04 71 59 39 86      ;                    ;                              
4010SHANE ;SHANE INVESTISSEMENT          ;SHANE       ;SHANE INVESTISSEMENT                              ;3 chemin Moulin Mais                              ;Bois Nèfles Coco                                  ;97450     ;SAINT-LOUIS                                  ;RE  ;06 92 28 97 07      ;                    ;shaneinvestment@icloud.com    
4010SIS   ;SIS                           ;SIS         ;SIS - SOCIETE D'IMPORTATION DU SUD                ;ZI N°1 - BP 349                                   ;                                                  ;97452     ;SAINT-PIERRE Cedex                           ;RE  ;02 62 25 12 61      ;02 62 25 66 12      ;commande@sis.re               
4010SOCO  ;SOCODIEX                      ;SOCODIEX    ;SOCODIEX SARL                                     ;14 rue des lataniers                              ;                                                  ;97400     ;SAINT-DENIS                                  ;RE  ;02 62 46 26 11      ;02 62 41 14 96      ;sarl.socodiex@orange.fr       
4010SODI  ;SODICO                        ;SODICO      ;SODICO                                            ;Allée desserte ZI N°2                             ;BP 204                                            ;97455     ;SAINT-PIERRE Cedex                           ;RE  ;02 62 96 17 17      ;02 62 25 87 08      ;contact@sodico.re             
4010SORE  ;SORETAL                       ;SORETAL     ;SORETAL                                           ;13 rue de la Guyane - BP 196                      ;ZA Foucherolles                                   ;97400     ;SAINTE-CLOTHILDE                             ;RE  ;02 62 53 27 08      ;02 62 53 26 94      ;                              
4010SOREBR;SOREBRA                       ;SOREBRA     ;SOREBRA SOCIETE REUNIONNAISE DE BRASSERIE         ;12 rue Valmy                                      ;ZI Bel Air                                        ;97450     ;SAINT-LOUIS                                  ;RE  ;0262.26.82.42       ;0262.26.88.78       ;                              
4010STARCO;STARCO HYGIENE ET CUISINE     ;STARCO      ;STARCO HYGIENE ET CUISINE                         ;                                                  ;                                                  ;          ;                                             ;RE  ;02 62 42 11 83      ;02 62 42 19 00      ;                              
4010STRADA;STRADA                        ;STRADA      ;SARL STRADA                                       ;16 CHEMIN DES MANGUIERS                           ;                                                  ;97410     ;SAINT-PIERRE                                 ;RE  ;                    ;                    ;                              
4010SYMBIO;SYMBIOSE MEDICAL              ;SYMBIOSE    ;SYMBIOSE MEDICAL                                  ;10 rue benjamin HOAREAU                           ;                                                  ;97410     ;SAINT-PIERRE                                 ;RE  ;02 62 25 80 32      ;02 62 25 73 38      ;                              
4010TECHIN;TECHINNOV                     ;TECHINNOV   ;TECHINNOV                                         ;496 route du Couardet - ZA des Vernays            ;                                                  ;74210     ;DOUSSARD                                     ;FR  ;04 50 68 95 13      ;04 50 68 93 94      ;contact@techinnov.fr          
4010TIRE  ;TIRE BOITE                    ;TIRE BOITE  ;TIRE BOITE                                        ;12 rue des Corbeilles d'Or                        ;                                                  ;97424     ;PITON ST LEU                                 ;RE  ;06 92 95 16 17      ;                    ;tireboite@orange.fr           
4010TROPI ;TROPI LEGUMES                 ;TROPI LEGUME;TROPI LEGUMES                                     ;68 rue Antoine Félix Leveneur                     ;ZAC Rolan Hoarau                                  ;97410     ;SAINT-PIERRE                                 ;RE  ;02 62 59 19 46      ;                    ;adv.tropi@gmail.com           
4010TTINT ;T&T INTERNATIONNAL FOODS LTD  ;T&T INTERNAT;T&T INTERNATIONNAL FOODS LTD                      ;69, La Tour Koenig St, Industrial Estate          ;                                                  ;11109     ;POINTE AUX SABLES                            ;MU  ;+230 2342969        ;+230 2340120        ;resdev@ttintfoods.com         
4010VEND  ;LES VENDANGES                 ;LES VENDANGE;CAVES LES VENDANGES                               ;                                                  ;                                                  ;          ;                                             ;RE  ;                    ;                    ;                              
4010YONG  ;BOULANGERIE YONG              ;BOULANG YONG;BOULANGERIE YONG                                  ;1, Rue de la Boulangerie                          ;ZI des Sables                                     ;97427     ;ETANG-SALE                                   ;RE  ;0262 26 59 69       ;0262 26 55 10       ;                              
4010ZEBRE ;LE ZEBRE ATELIER CREATIONS PUB;LE ZEBRE    ;LE ZEBRE ATELIER CREATIONS PUBLICITAIRES          ;47 Chemin des Liserons                            ;                                                  ;97417     ;LA MONTAGNE                                  ;RE  ;                    ;                    ;                              
4010ZICO  ;ZICOMAT                       ;ZICOMAT     ;ZICOMAT                                           ;                                                  ;                                                  ;          ;                                             ;RE  ;                    ;                    ;                              
